{"train/grad_norm":26.800373077392578,"train/global_step":500,"total_flos":3.919353649053696e+15,"_step":50,"train/epoch":1,"_timestamp":1.7592311581945283e+09,"train_runtime":133.7761,"train_steps_per_second":3.738,"train_loss":0.9825165686607361,"_wandb":{"runtime":338},"train/loss":0.2238,"_runtime":338,"train/learning_rate":4.0000000000000003e-07,"train_samples_per_second":29.901}